-- ==========================================================
-- Cargar datos a la tabla: producto
-- ==========================================================
--Pizzas
insert into producto(codproducto,descrproducto,preciounitario,stock) values ('PI01','Pizza Mozarella Personal',16.00,60);
insert into producto(codproducto,descrproducto,preciounitario,stock) values ('PI02','Pizza Mozarella Grande',27.00,60);
insert into producto(codproducto,descrproducto,preciounitario,stock) values ('PI03','Pizza Mozarella Familiar',34.50,60);
insert into producto(codproducto,descrproducto,preciounitario,stock) values ('PI04','Pizza Cebolla Personal',17.00,60);
insert into producto(codproducto,descrproducto,preciounitario,stock) values ('PI05','Pizza Cebolla Grande',30.00,60);
insert into producto(codproducto,descrproducto,preciounitario,stock) values ('PI06','Pizza Cebolla Familiar',38.10,60);
insert into producto(codproducto,descrproducto,preciounitario,stock) values ('PI07','Pizza Margarita Personal',17.20,60);
insert into producto(codproducto,descrproducto,preciounitario,stock) values ('PI08','Pizza Margarita Grande',30.10,60);
insert into producto(codproducto,descrproducto,preciounitario,stock) values ('PI09','Pizza Margarita Familiar',38.20,60);
insert into producto(codproducto,descrproducto,preciounitario,stock) values ('PI10','Pizza Aceitunas Personal',18.00,60);
insert into producto(codproducto,descrproducto,preciounitario,stock) values ('PI11','Pizza Aceitunas Grande',31.00,60);
insert into producto(codproducto,descrproducto,preciounitario,stock) values ('PI12','Pizza Aceitunas Familiar',39.80,60);
insert into producto(codproducto,descrproducto,preciounitario,stock) values ('PI13','Pizza Aceitunas y pimientos Personal',18.50,60);
insert into producto(codproducto,descrproducto,preciounitario,stock) values ('PI14','Pizza Aceitunas y pimientos Grande',32.40,60);
insert into producto(codproducto,descrproducto,preciounitario,stock) values ('PI15','Pizza Aceitunas y pimientos Familiar',40.20,60);
insert into producto(codproducto,descrproducto,preciounitario,stock) values ('PI16','Pizza Pollo Personal',19.50,60);
insert into producto(codproducto,descrproducto,preciounitario,stock) values ('PI17','Pizza Pollo Grande',34.60,60);
insert into producto(codproducto,descrproducto,preciounitario,stock) values ('PI18','Pizza Pollo Familiar',43.40,60);
insert into producto(codproducto,descrproducto,preciounitario,stock) values ('PI19','Pizza Pollo con piña Personal',21.30,60);
insert into producto(codproducto,descrproducto,preciounitario,stock) values ('PI20','Pizza Pollo con piña Grande',35.60,60);
insert into producto(codproducto,descrproducto,preciounitario,stock) values ('PI21','Pizza Pollo con piña Familiar',44.00,60);
insert into producto(codproducto,descrproducto,preciounitario,stock) values ('PI22','Pizza Pollo con durazno Personal',21.90,60);
insert into producto(codproducto,descrproducto,preciounitario,stock) values ('PI23','Pizza Pollo con durazno Grande',36.90,60);
insert into producto(codproducto,descrproducto,preciounitario,stock) values ('PI24','Pizza Pollo con durazno Familiar',45.60,60);
insert into producto(codproducto,descrproducto,preciounitario,stock) values ('PI25','Pizza Chorizo Personal',21.00,60);
insert into producto(codproducto,descrproducto,preciounitario,stock) values ('PI26','Pizza Chorizo Grande',38.00,60);
insert into producto(codproducto,descrproducto,preciounitario,stock) values ('PI27','Pizza Chorizo Familiar',44.90,60);
insert into producto(codproducto,descrproducto,preciounitario,stock) values ('PI28','Pizza Carbonara Personal',21.10,60);
insert into producto(codproducto,descrproducto,preciounitario,stock) values ('PI29','Pizza Carbonara Grande',38.50,60);
insert into producto(codproducto,descrproducto,preciounitario,stock) values ('PI30','Pizza Carbonara Familiar',45.00,60);
insert into producto(codproducto,descrproducto,preciounitario,stock) values ('PI31','Pizza Pepperoni Personal',21.70,60);
insert into producto(codproducto,descrproducto,preciounitario,stock) values ('PI32','Pizza Pepperoni Grande',36.60,60);
insert into producto(codproducto,descrproducto,preciounitario,stock) values ('PI33','Pizza Pepperoni Familiar',44.10,60);
insert into producto(codproducto,descrproducto,preciounitario,stock) values ('PI34','Pizza Tocino Personal',21.00,60);
insert into producto(codproducto,descrproducto,preciounitario,stock) values ('PI35','Pizza Tocino Grande',34.50,60);
insert into producto(codproducto,descrproducto,preciounitario,stock) values ('PI36','Pizza Tocino Familiar',43.80,60);
insert into producto(codproducto,descrproducto,preciounitario,stock) values ('PI37','Pizza Salame Personal',21.50,60);
insert into producto(codproducto,descrproducto,preciounitario,stock) values ('PI38','Pizza Salame Grande',37.60,60);
insert into producto(codproducto,descrproducto,preciounitario,stock) values ('PI39','Pizza Salame Familiar',45.00,60);
insert into producto(codproducto,descrproducto,preciounitario,stock) values ('PI40','Pizza Champignones Personal',22.00,60);
insert into producto(codproducto,descrproducto,preciounitario,stock) values ('PI41','Pizza Champignones Grande',37.90,60);
insert into producto(codproducto,descrproducto,preciounitario,stock) values ('PI42','Pizza Champignones Familiar',47.10,60);
insert into producto(codproducto,descrproducto,preciounitario,stock) values ('PI43','Pizza Jamón, Aceitunas y Pimientos Personal',22.00,60);
insert into producto(codproducto,descrproducto,preciounitario,stock) values ('PI44','Pizza Jamón, Aceitunas y Pimientos Grande',38.80,60);
insert into producto(codproducto,descrproducto,preciounitario,stock) values ('PI45','Pizza Jamón, Aceitunas y Pimientos Familiar',47.00,60);
insert into producto(codproducto,descrproducto,preciounitario,stock) values ('PI46','Pizza Jamón y Champignones Personal',23.60,60);
insert into producto(codproducto,descrproducto,preciounitario,stock) values ('PI47','Pizza Jamón y Champignones Grande',39.80,60);
insert into producto(codproducto,descrproducto,preciounitario,stock) values ('PI48','Pizza Jamón y Champignones Familiar',49.80,60);
insert into producto(codproducto,descrproducto,preciounitario,stock) values ('PI49','Pizza Americana Personal',22.00,60);
insert into producto(codproducto,descrproducto,preciounitario,stock) values ('PI50','Pizza Americana Grande',37.90,60);
insert into producto(codproducto,descrproducto,preciounitario,stock) values ('PI51','Pizza Americana Familiar',47.30,60);
insert into producto(codproducto,descrproducto,preciounitario,stock) values ('PI52','Pizza Hawaiana Personal',22.40,60);
insert into producto(codproducto,descrproducto,preciounitario,stock) values ('PI53','Pizza Hawaiana Grande',38.40,60);
insert into producto(codproducto,descrproducto,preciounitario,stock) values ('PI54','Pizza Hawaiana Familiar',47.80,60);
insert into producto(codproducto,descrproducto,preciounitario,stock) values ('PI55','Pizza Tropicana Personal',23.60,60);
insert into producto(codproducto,descrproducto,preciounitario,stock) values ('PI56','Pizza Tropicana Grande',39.30,60);
insert into producto(codproducto,descrproducto,preciounitario,stock) values ('PI57','Pizza Tropicana Familiar',48.50,60);
insert into producto(codproducto,descrproducto,preciounitario,stock) values ('PI58','Pizza Vegetariana Personal',21.90,60);
insert into producto(codproducto,descrproducto,preciounitario,stock) values ('PI59','Pizza Vegetariana Grande',37.00,60);
insert into producto(codproducto,descrproducto,preciounitario,stock) values ('PI60','Pizza Vegetariana Familiar',45.90,60);
insert into producto(codproducto,descrproducto,preciounitario,stock) values ('PI61','Pizza Anchoas Personal',19.10,60);
insert into producto(codproducto,descrproducto,preciounitario,stock) values ('PI62','Pizza Anchoas Grande',35.00,60);
insert into producto(codproducto,descrproducto,preciounitario,stock) values ('PI63','Pizza Anchoas Familiar',43.30,60);
insert into producto(codproducto,descrproducto,preciounitario,stock) values ('PI64','Pizza Full quesos Personal',22.80,60);
insert into producto(codproducto,descrproducto,preciounitario,stock) values ('PI65','Pizza Full quesos Grande',39.00,60);
insert into producto(codproducto,descrproducto,preciounitario,stock) values ('PI66','Pizza Full quesos Familiar',45.80,60);
insert into producto(codproducto,descrproducto,preciounitario,stock) values ('PI67','Pizza Puttanesca Personal',22.00,60);
insert into producto(codproducto,descrproducto,preciounitario,stock) values ('PI68','Pizza Puttanesca Grande',38.80,60);
insert into producto(codproducto,descrproducto,preciounitario,stock) values ('PI69','Pizza Puttanesca Familiar',46.30,60);
insert into producto(codproducto,descrproducto,preciounitario,stock) values ('PI70','Pizza Carnívora Personal',22.60,60);
insert into producto(codproducto,descrproducto,preciounitario,stock) values ('PI71','Pizza Carnívora Grande',38.90,60);
insert into producto(codproducto,descrproducto,preciounitario,stock) values ('PI72','Pizza Carnívora Familiar',46.40,60);
insert into producto(codproducto,descrproducto,preciounitario,stock) values ('PI73','Pizza Mixtura Personal',22.10,60);
insert into producto(codproducto,descrproducto,preciounitario,stock) values ('PI74','Pizza Mixtura Grande',37.60,60);
insert into producto(codproducto,descrproducto,preciounitario,stock) values ('PI75','Pizza Mixtura Familiar',46.70,60);
insert into producto(codproducto,descrproducto,preciounitario,stock) values ('PI76','Pizza Tradición Personal',22.80,60);
insert into producto(codproducto,descrproducto,preciounitario,stock) values ('PI77','Pizza Tradición Grande',39.10,60);
insert into producto(codproducto,descrproducto,preciounitario,stock) values ('PI78','Pizza Tradicion Famliar',48.90,60);
insert into producto(codproducto,descrproducto,preciounitario,stock) values ('PI79','Pizza Della Casa Personal',23.90,60);
insert into producto(codproducto,descrproducto,preciounitario,stock) values ('PI80','Pizza Della Casa Grande',40.30,60);
insert into producto(codproducto,descrproducto,preciounitario,stock) values ('PI81','Pizza Della Casa Familiar',50.70,60);
-- Pastas
insert into producto(codproducto,descrproducto,preciounitario,stock) values ('PA01','Lasagnas en Salsa de Carne',16.50,60);
insert into producto(codproducto,descrproducto,preciounitario,stock) values ('PA02','Lasagnas de Alcachofas',16.50,60);
insert into producto(codproducto,descrproducto,preciounitario,stock) values ('PA03','Lasagnas de Champiñones y Pollo',16.50,60);
insert into producto(codproducto,descrproducto,preciounitario,stock) values ('PA04','Caneloni de Queso Ricota y Espinaca',17.30,60);
insert into producto(codproducto,descrproducto,preciounitario,stock) values ('PA05','Caneloni de Alcachofa',17.30,60);
insert into producto(codproducto,descrproducto,preciounitario,stock) values ('PA06','Caneloni de Pollo',17.30,60);
insert into producto(codproducto,descrproducto,preciounitario,stock) values ('PA07','Ravioles en Salsa de Carne',18.50,60);
insert into producto(codproducto,descrproducto,preciounitario,stock) values ('PA08','Ravioles en Salsa al Pesto',17.40,60);
insert into producto(codproducto,descrproducto,preciounitario,stock) values ('PA09','Ravioles en Salsa de Carne con Asado',27.00,60);
insert into producto(codproducto,descrproducto,preciounitario,stock) values ('PA10','Ravioles a lo Alfredo',24.00,60);
insert into producto(codproducto,descrproducto,preciounitario,stock) values ('PA11','Fettuccine en Salsa de Carne',15.50,60);
insert into producto(codproducto,descrproducto,preciounitario,stock) values ('PA12','Fettuccine en Salsa de Tomate',14.50,60);
insert into producto(codproducto,descrproducto,preciounitario,stock) values ('PA13','Fettuccine en Salsa al Pesto',14.50,60);
insert into producto(codproducto,descrproducto,preciounitario,stock) values ('PA14','Fettuccine en Salsa de Carne con Asado',25.80,60);
insert into producto(codproducto,descrproducto,preciounitario,stock) values ('PA15','Fettuccine a lo Alfredo',22.40,60);
insert into producto(codproducto,descrproducto,preciounitario,stock) values ('PA16','Fettuccine al Óleo y Champignones',15.90,60);
insert into producto(codproducto,descrproducto,preciounitario,stock) values ('PA17','Spaghetti en Salsa de Tomate',13.50,60);
insert into producto(codproducto,descrproducto,preciounitario,stock) values ('PA18','Spaghetti en Salsa al Pesto',14.30,60);
insert into producto(codproducto,descrproducto,preciounitario,stock) values ('PA19','Spaghetti al Óleo',13.50,60);
insert into producto(codproducto,descrproducto,preciounitario,stock) values ('PA20','Spaghetti al Óleo y Champignones',14.50,60);
insert into producto(codproducto,descrproducto,preciounitario,stock) values ('PA21','Spaghetti en Salsa de Carne',14.80,60);
insert into producto(codproducto,descrproducto,preciounitario,stock) values ('PA22','Spaghetti a lo Alfredo',20.50,60);
insert into producto(codproducto,descrproducto,preciounitario,stock) values ('PA23','Spaghetti en Salsa de Carne con Asado',22.00,60);
insert into producto(codproducto,descrproducto,preciounitario,stock) values ('PA24','Spaghetti en Salsa al Pesto con Lomo Fino',26.80,60);
insert into producto(codproducto,descrproducto,preciounitario,stock) values ('PA25','Macarróni en Salsa de Carne',13.20,60);
insert into producto(codproducto,descrproducto,preciounitario,stock) values ('PA26','Macarróni en Salsa Cuatro Quesos',15.50,60);
insert into producto(codproducto,descrproducto,preciounitario,stock) values ('PA27','Gnocchi en Salsa de Carne',16.50,60);
insert into producto(codproducto,descrproducto,preciounitario,stock) values ('PA28','Gnocchi en Salsa Cuatro Quesos',19.00,60);
insert into producto(codproducto,descrproducto,preciounitario,stock) values ('PA29','Tres Pastas',24.00,60);
insert into producto(codproducto,descrproducto,preciounitario,stock) values ('PA30','Risotto de Champignones',23.50,60);
insert into producto(codproducto,descrproducto,preciounitario,stock) values ('PA31','Porción Asado',14.80,60);
insert into producto(codproducto,descrproducto,preciounitario,stock) values ('PA32','Porción Lomo Fino',16.50,60);
-- Entremeses
insert into producto(codproducto,descrproducto,preciounitario,stock) values ('EN01','Pan al Ajo',5.50,60);
insert into producto(codproducto,descrproducto,preciounitario,stock) values ('EN02','Pan al Ajo Especial',10.50,60);
insert into producto(codproducto,descrproducto,preciounitario,stock) values ('EN03','Bruschetas',8.30,60);
insert into producto(codproducto,descrproducto,preciounitario,stock) values ('EN04','Chicharrón de Pollo',16.50,60);
-- Bebidas
insert into producto(codproducto,descrproducto,preciounitario,stock) values ('BE01','Pisco Sour',9.90,60);
insert into producto(codproducto,descrproducto,preciounitario,stock) values ('BE02','Cuba Libre',9.90,60);
insert into producto(codproducto,descrproducto,preciounitario,stock) values ('BE03','Gin con Gin',11.80,60);
insert into producto(codproducto,descrproducto,preciounitario,stock) values ('BE04','Martini',12.30,60);
insert into producto(codproducto,descrproducto,preciounitario,stock) values ('BE05','Campari',12.30,60);
insert into producto(codproducto,descrproducto,preciounitario,stock) values ('BE06','Anis del Mono',11.50,60);
insert into producto(codproducto,descrproducto,preciounitario,stock) values ('BE07','Menta',11.50,60);
insert into producto(codproducto,descrproducto,preciounitario,stock) values ('BE08','Vodka',11.60,60);
insert into producto(codproducto,descrproducto,preciounitario,stock) values ('BE09','Cocktail Algarrobina',12.90,60);
insert into producto(codproducto,descrproducto,preciounitario,stock) values ('BE10','Piña Colada',12.90,60);
insert into producto(codproducto,descrproducto,preciounitario,stock) values ('BE11','Daikiri Durazno',12.90,60);
insert into producto(codproducto,descrproducto,preciounitario,stock) values ('BE12','Daikiri Limon',12.90,60);
insert into producto(codproducto,descrproducto,preciounitario,stock) values ('BE13','Whisky Etiqueta Roja',14.50,60);
insert into producto(codproducto,descrproducto,preciounitario,stock) values ('BE14','Whisky Etiqueta Negra',28.00,60);
insert into producto(codproducto,descrproducto,preciounitario,stock) values ('BE15','Sangria Jarra de 1 litro',34.00,60);
insert into producto(codproducto,descrproducto,preciounitario,stock) values ('BE16','Sangria Jarra de ½ Litro',17.50,60);
insert into producto(codproducto,descrproducto,preciounitario,stock) values ('BE17','Sangría Copa',6.00,60);
insert into producto(codproducto,descrproducto,preciounitario,stock) values ('BE18','Vino Copa',7.50,60);
insert into producto(codproducto,descrproducto,preciounitario,stock) values ('BE19','Cerveza',6.00,60);
insert into producto(codproducto,descrproducto,preciounitario,stock) values ('BE20','Santiago Queirolo Magdalena',27.00,60);
insert into producto(codproducto,descrproducto,preciounitario,stock) values ('BE21','Tacama Rosé',36.00,60);
insert into producto(codproducto,descrproducto,preciounitario,stock) values ('BE22','Tacama Gran Tinto',39.50,60);
insert into producto(codproducto,descrproducto,preciounitario,stock) values ('BE23','Tacama Selección Especial',59.50,60);	
insert into producto(codproducto,descrproducto,preciounitario,stock) values ('BE24','Fond de Cave Grande',36.00,60);
insert into producto(codproducto,descrproducto,preciounitario,stock) values ('BE25','Fond de Cave Chico',22.00,60);
insert into producto(codproducto,descrproducto,preciounitario,stock) values ('BE26','Casillero del Diablo Grande',49.00,60);
insert into producto(codproducto,descrproducto,preciounitario,stock) values ('BE27','Casillero del Diablo Chico',28.50,60);
insert into producto(codproducto,descrproducto,preciounitario,stock) values ('BE28','Márquez de La Casa Concha',101.50,60);
insert into producto(codproducto,descrproducto,preciounitario,stock) values ('BE29','Márquez de Riscal',138.00,60);
insert into producto(codproducto,descrproducto,preciounitario,stock) values ('BE30','Gaseosa Mediana',3.00,60);
insert into producto(codproducto,descrproducto,preciounitario,stock) values ('BE31','Gaseosa ½ Litro',3.90,60);
insert into producto(codproducto,descrproducto,preciounitario,stock) values ('BE32','Gaseosa 11/2 Litro',7.00,60);
insert into producto(codproducto,descrproducto,preciounitario,stock) values ('BE33','Limonada 1 Litro',9.80,60);
insert into producto(codproducto,descrproducto,preciounitario,stock) values ('BE34','Limonada Frozen 1 Litro',14.00,60);
insert into producto(codproducto,descrproducto,preciounitario,stock) values ('BE35','Café Americano',3.00,60);
insert into producto(codproducto,descrproducto,preciounitario,stock) values ('BE36','Café Express',4.20,60);
insert into producto(codproducto,descrproducto,preciounitario,stock) values ('BE37','Café Cortado',4.80,60);
insert into producto(codproducto,descrproducto,preciounitario,stock) values ('BE38','Capuchino',7.00,60);
insert into producto(codproducto,descrproducto,preciounitario,stock) values ('BE39','Infusiones',2.80,60);
-- Postres
insert into producto(codproducto,descrproducto,preciounitario,stock) values ('PO01','Porción de Helados',8.00,60);
insert into producto(codproducto,descrproducto,preciounitario,stock) values ('PO02','Sunday Fresa',10.20,60);
insert into producto(codproducto,descrproducto,preciounitario,stock) values ('PO03','Sunday Chocolate',10.60,60);
insert into producto(codproducto,descrproducto,preciounitario,stock) values ('PO04','Delicia Tropical',12.90,60);
insert into producto(codproducto,descrproducto,preciounitario,stock) values ('PO05','Banana Split',13.20,60);
insert into producto(codproducto,descrproducto,preciounitario,stock) values ('PO06','Panqueque Relleno',12.80,60);
insert into producto(codproducto,descrproducto,preciounitario,stock) values ('PO07','Delicia de Durazno',14.80,60);
insert into producto(codproducto,descrproducto,preciounitario,stock) values ('PO08','Panqueques sin helados de manjar blanco mitad',5.60,60);
insert into producto(codproducto,descrproducto,preciounitario,stock) values ('PO09','Panqueques sin helados de cocktail de frutas mitad',5.90,60);
insert into producto(codproducto,descrproducto,preciounitario,stock) values ('PO10','Panqueques sin helados de mermelada de fresa mitad',4.90,60);
insert into producto(codproducto,descrproducto,preciounitario,stock) values ('PO11','Panqueques sin helados de duraznos mitad',7.00,60);
insert into producto(codproducto,descrproducto,preciounitario,stock) values ('PO12','Panqueques con helados de manjar blanco mitad',7.90,60);
insert into producto(codproducto,descrproducto,preciounitario,stock) values ('PO13','Panqueques con helados de cocktail de frutas mitad',8.20,60);
insert into producto(codproducto,descrproducto,preciounitario,stock) values ('PO14','Panqueques con helados de mermelada de fresa mitad',8.20,60);
insert into producto(codproducto,descrproducto,preciounitario,stock) values ('PO15','Panqueques con helados de duraznos mitad',8.90,60);
insert into producto(codproducto,descrproducto,preciounitario,stock) values ('PO16','Panqueques sin helados de manjar blanco entero',9.90,60);
insert into producto(codproducto,descrproducto,preciounitario,stock) values ('PO17','Panqueques sin helados de cocktail de frutas entero',10.30,60);
insert into producto(codproducto,descrproducto,preciounitario,stock) values ('PO18','Panqueques sin helados de mermelada de fresa entero',9.00,60);
insert into producto(codproducto,descrproducto,preciounitario,stock) values ('PO19','Panqueques sin helados de duraznos entero',13.50,60);
insert into producto(codproducto,descrproducto,preciounitario,stock) values ('PO20','Panqueques con helados de manjar blanco entero',14.20,60);
insert into producto(codproducto,descrproducto,preciounitario,stock) values ('PO21','Panqueques con helados de cocktail de frutas entero',14.80,60);
insert into producto(codproducto,descrproducto,preciounitario,stock) values ('PO22','Panqueques con helados de mermelada de fresa entero',12.90,60);
insert into producto(codproducto,descrproducto,preciounitario,stock) values ('PO23','Panqueques con helados de duraznos entero',16.50,60);


/*
-- ==========================================================
-- Cargar datos a la tabla: cliente
-- ==========================================================

insert into cliente(dni,nomcliente,Direccioncliente) values ('20101259014','FDA','Calle Camilo Carrillo 564 Jesus Maria');
insert into cliente(dni,nomcliente,Direccioncliente) values ('20100328497','IMS Health peru','Av. Republica de Panama 456 San Isidro');
insert into cliente(dni,nomcliente,Direccioncliente) values ('20100128056','Saga Falabella ','Av.Corpac 345 San Isidro');
insert into cliente(dni,nomcliente,Direccioncliente) values ('20122554466','Radio Z Rock and Pop','Av.Larco 768 Miraflores');
insert into cliente(dni,nomcliente,Direccioncliente) values ('20100047056','Topy Top ','Av.Gran Chimu 346 San Juan de Lurigancho');
insert into cliente(dni,nomcliente,Direccioncliente) values ('20307235545','Ediciones Corefo ','Av.del Aire 567 San Luis');
insert into cliente(dni,nomcliente,Direccioncliente) values ('20100428497','Vidrieria Lince','Lince');
insert into cliente(dni,nomcliente,Direccioncliente) values ('20101047056','Arauco Peru','Av.Shell 345 Miraflores');
insert into cliente(dni,nomcliente,Direccioncliente) values ('20105328497','Alfredo Graf','Lince');
insert into cliente(dni,nomcliente,Direccioncliente) values ('20100138056','Amazonia Tours','Miraflores');

-- ==========================================================
-- Cargar datos a la tabla: pedido
-- ==========================================================

insert into pedido(nropedido,dni,fecha,subtotalpedido,igv,servicio,totalpedido) values ('0005984','20101259014','20121122',66.87,12.04,6.69,85.60);
insert into pedido(nropedido,dni,fecha,subtotalpedido,igv,servicio,totalpedido) values ('0005985','20100328497','20121123','335.61','60.41','33.56','429.58');
insert into pedido(nropedido,dni,fecha,subtotalpedido,igv,servicio,totalpedido) values ('0005986','20100128056','20121123','340.00','61.20','34.00','435.20');
insert into pedido(nropedido,dni,fecha,subtotalpedido,igv,servicio,totalpedido) values ('0005987','20122554466','20121125','542.00','97.56','54.20','693.76');
insert into pedido(nropedido,dni,fecha,subtotalpedido,igv,servicio,totalpedido) values ('0005988','20100047056','20121125','198.00','35.64','19.80','253.44');
insert into pedido(nropedido,dni,fecha,subtotalpedido,igv,servicio,totalpedido) values ('0005989','20307235545','20121126','450.00','81.00','45.00','576.00');
insert into pedido(nropedido,dni,fecha,subtotalpedido,igv,servicio,totalpedido) values ('0005990','20100428497','20121126','554.00','99.72','55.40','709.12');
insert into pedido(nropedido,dni,fecha,subtotalpedido,igv,servicio,totalpedido) values ('0005991','20101047056','20121127','605.00','108.90','60.50','774.40');
insert into pedido(nropedido,dni,fecha,subtotalpedido,igv,servicio,totalpedido) values ('0005995','20105328497','20121127','416.00','74.88','41.60','532.48');
insert into pedido(nropedido,dni,fecha,subtotalpedido,igv,servicio,totalpedido) values ('0005997','20100138056','20121127','495.00','89.10','49.50','633.60');

-- ==========================================================
-- Cargar datos a la tabla: detallepedido
-- ==========================================================

insert into detallepedido(nropedido,codproducto,cant,preciototal) values ('0005984','PI09','1','30');
insert into detallepedido(nropedido,codproducto,cant,preciototal) values ('0005984','PA06','1','25');
insert into detallepedido(nropedido,codproducto,cant,preciototal) values ('0005984','PA03','1','20');
insert into detallepedido(nropedido,codproducto,cant,preciototal) values ('0005984','BE01','1','6.87');
insert into detallepedido(nropedido,codproducto,cant,preciototal) values ('0005985','PI10','3','135');
insert into detallepedido(nropedido,codproducto,cant,preciototal) values ('0005985','BE01','3','20.61');
insert into detallepedido(nropedido,codproducto,cant,preciototal) values ('0005985','PO01','10','130');
insert into detallepedido(nropedido,codproducto,cant,preciototal) values ('0005985','EN02','5','50');
insert into detallepedido(nropedido,codproducto,cant,preciototal) values ('0005986','PA05','10','150');
insert into detallepedido(nropedido,codproducto,cant,preciototal) values ('0005986','BE03','1','28.00');
insert into detallepedido(nropedido,codproducto,cant,preciototal) values ('0005986','PA01','9','162');
insert into detallepedido(nropedido,codproducto,cant,preciototal) values ('0005987','PI06','10','150');
insert into detallepedido(nropedido,codproducto,cant,preciototal) values ('0005987','BE04','10','140');
insert into detallepedido(nropedido,codproducto,cant,preciototal) values ('0005987','PA01','14','252');
insert into detallepedido(nropedido,codproducto,cant,preciototal) values ('0005988','PI03','2','76');
insert into detallepedido(nropedido,codproducto,cant,preciototal) values ('0005988','EN02','2','20');
insert into detallepedido(nropedido,codproducto,cant,preciototal) values ('0005988','PA02','6','102');
insert into detallepedido(nropedido,codproducto,cant,preciototal) values ('0005989','PA06','8','200');
insert into detallepedido(nropedido,codproducto,cant,preciototal) values ('0005989','EN02','14','140');
insert into detallepedido(nropedido,codproducto,cant,preciototal) values ('0005989','PO02','10','110');
insert into detallepedido(nropedido,codproducto,cant,preciototal) values ('0005990','PA07','15','390');
insert into detallepedido(nropedido,codproducto,cant,preciototal) values ('0005990','EN02','1','10');
insert into detallepedido(nropedido,codproducto,cant,preciototal) values ('0005990','BE04','11','154');
insert into detallepedido(nropedido,codproducto,cant,preciototal) values ('0005991','PA06','3','75');
insert into detallepedido(nropedido,codproducto,cant,preciototal) values ('0005991','EN02','14','140');
insert into detallepedido(nropedido,codproducto,cant,preciototal) values ('0005991','PI09','13','390');
insert into detallepedido(nropedido,codproducto,cant,preciototal) values ('0005995','PA04','10','180');
insert into detallepedido(nropedido,codproducto,cant,preciototal) values ('0005995','EN02','4','40');
insert into detallepedido(nropedido,codproducto,cant,preciototal) values ('0005995','PI02','7','196');
insert into detallepedido(nropedido,codproducto,cant,preciototal) values ('0005997','PI06','9','441');
insert into detallepedido(nropedido,codproducto,cant,preciototal) values ('0005997','BE04','1','14');
insert into detallepedido(nropedido,codproducto,cant,preciototal) values ('0005997','EN02','4','40');
*/

-- ====================================
-- Cargar datos a la tabla usuario
-- ====================================
insert into usuario(usuario,contrasenia,tipo)
values('admin','superusuario','S');

-- ====================================
-- Cargar datos a la tabla mensaje
-- ====================================
insert into mensaje(codmensaje,mensaje)
values('000001','El Usuario no Existe');
insert into mensaje(codmensaje,mensaje)
values('000002','La Contraseña es Incorrecta');

commit;